{
    "popularity": {
        "0": 214,
        "2": 25,
        "4": 9,
        "6": 0,
        "8": 3,
        "10": 3,
        "12": 6,
        "14": 1,
        "16": 5,
        "18": 16,
        "20": 35,
        "22": 24,
        "24": 12,
        "26": 10,
        "28": 11,
        "30": 3,
        "32": 6,
        "34": 6,
        "36": 6,
        "38": 5,
        "40": 10,
        "42": 9,
        "44": 9,
        "46": 14,
        "48": 25,
        "51": 15,
        "53": 10,
        "55": 15,
        "57": 16,
        "59": 17,
        "61": 13,
        "63": 7,
        "65": 13,
        "67": 7,
        "69": 7,
        "71": 5,
        "73": 11,
        "75": 7,
        "77": 4,
        "79": 6,
        "81": 1,
        "83": 0,
        "85": 1,
        "87": 0,
        "89": 0,
        "91": 0,
        "93": 0,
        "95": 0,
        "97": 3
    },
    "duration": {
        "0.0": 0,
        "0.40816326530612246": 2,
        "0.8163265306122449": 3,
        "1.2244897959183674": 3,
        "1.6326530612244898": 14,
        "2.0408163265306123": 48,
        "2.4489795918367347": 89,
        "2.857142857142857": 153,
        "3.2653061224489797": 85,
        "3.673469387755102": 36,
        "4.081632653061225": 47,
        "4.4897959183673475": 24,
        "4.8979591836734695": 25,
        "5.3061224489795915": 12,
        "5.714285714285714": 12,
        "6.122448979591837": 21,
        "6.530612244897959": 14,
        "6.938775510204081": 8,
        "7.346938775510204": 6,
        "7.755102040816327": 5,
        "8.16326530612245": 6,
        "8.571428571428571": 2,
        "8.979591836734695": 0,
        "9.387755102040817": 0,
        "9.795918367346939": 3,
        "10.204081632653061": 2,
        "10.612244897959183": 0,
        "11.020408163265307": 1,
        "11.428571428571429": 0,
        "11.83673469387755": 0,
        "12.244897959183675": 0,
        "12.653061224489797": 0,
        "13.061224489795919": 0,
        "13.46938775510204": 0,
        "13.877551020408163": 2,
        "14.285714285714286": 0,
        "14.693877551020408": 0,
        "15.10204081632653": 0,
        "15.510204081632654": 2,
        "15.918367346938776": 0,
        "16.3265306122449": 0,
        "16.73469387755102": 0,
        "17.142857142857142": 0,
        "17.551020408163264": 0,
        "17.95918367346939": 0,
        "18.367346938775512": 0,
        "18.775510204081634": 0,
        "19.183673469387756": 0,
        "19.591836734693878": 0
    },
    "explicit": {
        "Explicit": 61,
        "Non-Explicit": 564
    },
    "danceability": {
        "0.0": 0,
        "0.02040816326530612": 0,
        "0.04081632653061224": 0,
        "0.061224489795918366": 5,
        "0.08163265306122448": 6,
        "0.1020408163265306": 1,
        "0.12244897959183673": 2,
        "0.14285714285714285": 0,
        "0.16326530612244897": 1,
        "0.18367346938775508": 1,
        "0.2040816326530612": 7,
        "0.22448979591836732": 3,
        "0.24489795918367346": 2,
        "0.26530612244897955": 3,
        "0.2857142857142857": 13,
        "0.3061224489795918": 5,
        "0.32653061224489793": 7,
        "0.3469387755102041": 9,
        "0.36734693877551017": 6,
        "0.3877551020408163": 7,
        "0.4081632653061224": 21,
        "0.42857142857142855": 18,
        "0.44897959183673464": 26,
        "0.4693877551020408": 16,
        "0.4897959183673469": 13,
        "0.5102040816326531": 13,
        "0.5306122448979591": 17,
        "0.5510204081632653": 44,
        "0.5714285714285714": 21,
        "0.5918367346938775": 132,
        "0.6122448979591836": 27,
        "0.6326530612244897": 29,
        "0.6530612244897959": 23,
        "0.673469387755102": 49,
        "0.6938775510204082": 19,
        "0.7142857142857142": 14,
        "0.7346938775510203": 22,
        "0.7551020408163265": 9,
        "0.7755102040816326": 6,
        "0.7959183673469387": 14,
        "0.8163265306122448": 2,
        "0.836734693877551": 2,
        "0.8571428571428571": 8,
        "0.8775510204081632": 1,
        "0.8979591836734693": 1,
        "0.9183673469387754": 0,
        "0.9387755102040816": 0,
        "0.9591836734693877": 0,
        "0.9795918367346939": 0
    },
    "key": {
        "C": 52,
        "C#": 95,
        "D": 56,
        "D#": 16,
        "E": 75,
        "F": 43,
        "F#": 42,
        "G": 91,
        "G#": 33,
        "A": 44,
        "A#": 37,
        "B": 41
    },
    "energy": {
        "0.0": 4,
        "0.02040816326530612": 6,
        "0.04081632653061224": 12,
        "0.061224489795918366": 6,
        "0.08163265306122448": 9,
        "0.1020408163265306": 6,
        "0.12244897959183673": 8,
        "0.14285714285714285": 2,
        "0.16326530612244897": 4,
        "0.18367346938775508": 5,
        "0.2040816326530612": 6,
        "0.22448979591836732": 2,
        "0.24489795918367346": 6,
        "0.26530612244897955": 10,
        "0.2857142857142857": 9,
        "0.3061224489795918": 6,
        "0.32653061224489793": 7,
        "0.3469387755102041": 7,
        "0.36734693877551017": 4,
        "0.3877551020408163": 8,
        "0.4081632653061224": 7,
        "0.42857142857142855": 20,
        "0.44897959183673464": 9,
        "0.4693877551020408": 13,
        "0.4897959183673469": 8,
        "0.5102040816326531": 11,
        "0.5306122448979591": 12,
        "0.5510204081632653": 10,
        "0.5714285714285714": 5,
        "0.5918367346938775": 14,
        "0.6122448979591836": 9,
        "0.6326530612244897": 12,
        "0.6530612244897959": 10,
        "0.673469387755102": 5,
        "0.6938775510204082": 52,
        "0.7142857142857142": 30,
        "0.7346938775510203": 12,
        "0.7551020408163265": 24,
        "0.7755102040816326": 17,
        "0.7959183673469387": 74,
        "0.8163265306122448": 19,
        "0.836734693877551": 10,
        "0.8571428571428571": 17,
        "0.8775510204081632": 31,
        "0.8979591836734693": 10,
        "0.9183673469387754": 15,
        "0.9387755102040816": 17,
        "0.9591836734693877": 21,
        "0.9795918367346939": 4
    },
    "loudness": {
        "-50.0": 0,
        "-49.0": 0,
        "-48.0": 0,
        "-47.0": 0,
        "-46.0": 0,
        "-45.0": 0,
        "-44.0": 0,
        "-43.0": 0,
        "-42.0": 0,
        "-41.0": 0,
        "-40.0": 0,
        "-39.0": 0,
        "-38.0": 0,
        "-37.0": 0,
        "-36.0": 0,
        "-35.0": 0,
        "-34.0": 1,
        "-33.0": 4,
        "-32.0": 2,
        "-31.0": 2,
        "-30.0": 1,
        "-29.0": 0,
        "-28.0": 2,
        "-27.0": 3,
        "-26.0": 2,
        "-25.0": 0,
        "-24.0": 5,
        "-23.0": 13,
        "-22.0": 3,
        "-21.0": 6,
        "-20.0": 6,
        "-19.0": 5,
        "-18.0": 7,
        "-17.0": 10,
        "-16.0": 8,
        "-15.0": 12,
        "-14.0": 14,
        "-13.0": 13,
        "-12.0": 18,
        "-11.0": 25,
        "-10.0": 32,
        "-9.0": 77,
        "-8.0": 48,
        "-7.0": 55,
        "-6.0": 59,
        "-5.0": 80,
        "-4.0": 96,
        "-3.0": 13,
        "-2.0": 3,
        "-1.0": 0,
        "0.0": 0,
        "1.0": 0,
        "2.0": 0,
        "3.0": 0,
        "4.0": 0
    },
    "speechiness": {
        "both": 0,
        "speech": 20,
        "music": 605
    },
    "instrumentalness": {
        "0.0": 465,
        "0.02040816326530612": 3,
        "0.04081632653061224": 5,
        "0.061224489795918366": 7,
        "0.08163265306122448": 0,
        "0.1020408163265306": 2,
        "0.12244897959183673": 3,
        "0.14285714285714285": 4,
        "0.16326530612244897": 2,
        "0.18367346938775508": 0,
        "0.2040816326530612": 2,
        "0.22448979591836732": 4,
        "0.24489795918367346": 0,
        "0.26530612244897955": 1,
        "0.2857142857142857": 0,
        "0.3061224489795918": 1,
        "0.32653061224489793": 0,
        "0.3469387755102041": 2,
        "0.36734693877551017": 3,