{
    "popularity": {
        "0": 18159,
        "2": 1621,
        "4": 988,
        "6": 891,
        "8": 1069,
        "10": 1530,
        "12": 1505,
        "14": 1145,
        "16": 2091,
        "18": 3067,
        "20": 4454,
        "22": 4471,
        "24": 3432,
        "26": 3169,
        "28": 2894,
        "30": 2471,
        "32": 2624,
        "34": 2869,
        "36": 3208,
        "38": 3754,
        "40": 3909,
        "42": 3944,
        "44": 4292,
        "46": 3713,
        "48": 4959,
        "51": 2989,
        "53": 2789,
        "55": 2987,
        "57": 2852,
        "59": 2583,
        "61": 2135,
        "63": 1958,
        "65": 1845,
        "67": 1528,
        "69": 1258,
        "71": 1061,
        "73": 954,
        "75": 810,
        "77": 568,
        "79": 499,
        "81": 323,
        "83": 259,
        "85": 154,
        "87": 93,
        "89": 57,
        "91": 19,
        "93": 19,
        "95": 12,
        "97": 16
    },
    "duration": {
        "0.0": 13,
        "0.40816326530612246": 429,
        "0.8163265306122449": 1230,
        "1.2244897959183674": 1920,
        "1.6326530612244898": 3118,
        "2.0408163265306123": 7154,
        "2.4489795918367347": 12809,
        "2.857142857142857": 17441,
        "3.2653061224489797": 18392,
        "3.673469387755102": 15132,
        "4.081632653061225": 10990,
        "4.4897959183673475": 7462,
        "4.8979591836734695": 5121,
        "5.3061224489795915": 3346,
        "5.714285714285714": 2279,
        "6.122448979591837": 1755,
        "6.530612244897959": 1403,
        "6.938775510204081": 981,
        "7.346938775510204": 760,
        "7.755102040816327": 514,
        "8.16326530612245": 407,
        "8.571428571428571": 280,
        "8.979591836734695": 221,
        "9.387755102040817": 154,
        "9.795918367346939": 128,
        "10.204081632653061": 82,
        "10.612244897959183": 75,
        "11.020408163265307": 45,
        "11.428571428571429": 43,
        "11.83673469387755": 31,
        "12.244897959183675": 37,
        "12.653061224489797": 17,
        "13.061224489795919": 13,
        "13.46938775510204": 26,
        "13.877551020408163": 13,
        "14.285714285714286": 16,
        "14.693877551020408": 15,
        "15.10204081632653": 5,
        "15.510204081632654": 10,
        "15.918367346938776": 10,
        "16.3265306122449": 10,
        "16.73469387755102": 4,
        "17.142857142857142": 6,
        "17.551020408163264": 2,
        "17.95918367346939": 6,
        "18.367346938775512": 3,
        "18.775510204081634": 6,
        "19.183673469387756": 2,
        "19.591836734693878": 2
    },
    "explicit": {
        "Explicit": 9747,
        "Non-Explicit": 104252
    },
    "danceability": {
        "0.0": 157,
        "0.02040816326530612": 0,
        "0.04081632653061224": 38,
        "0.061224489795918366": 227,
        "0.08163265306122448": 254,
        "0.1020408163265306": 269,
        "0.12244897959183673": 388,
        "0.14285714285714285": 592,
        "0.16326530612244897": 861,
        "0.18367346938775508": 766,
        "0.2040816326530612": 871,
        "0.22448979591836732": 990,
        "0.24489795918367346": 1270,
        "0.26530612244897955": 1263,
        "0.2857142857142857": 1590,
        "0.3061224489795918": 1743,
        "0.32653061224489793": 1863,
        "0.3469387755102041": 2215,
        "0.36734693877551017": 2451,
        "0.3877551020408163": 2887,
        "0.4081632653061224": 3069,
        "0.42857142857142855": 3462,
        "0.44897959183673464": 3844,
        "0.4693877551020408": 3969,
        "0.4897959183673469": 4837,
        "0.5102040816326531": 4874,
        "0.5306122448979591": 5125,
        "0.5510204081632653": 4883,
        "0.5714285714285714": 5127,
        "0.5918367346938775": 5499,
        "0.6122448979591836": 4967,
        "0.6326530612244897": 5245,
        "0.6530612244897959": 4692,
        "0.673469387755102": 4963,
        "0.6938775510204082": 4732,
        "0.7142857142857142": 4103,
        "0.7346938775510203": 4093,
        "0.7551020408163265": 3164,
        "0.7755102040816326": 3139,
        "0.7959183673469387": 3060,
        "0.8163265306122448": 1872,
        "0.836734693877551": 1430,
        "0.8571428571428571": 1097,
        "0.8775510204081632": 801,
        "0.8979591836734693": 667,
        "0.9183673469387754": 308,
        "0.9387755102040816": 181,
        "0.9591836734693877": 93,
        "0.9795918367346939": 8
    },
    "key": {
        "C": 13061,
        "C#": 10772,
        "D": 11644,
        "D#": 3570,
        "E": 9008,
        "F": 9368,
        "F#": 7921,
        "G": 13244,
        "G#": 7360,
        "A": 11313,
        "A#": 7456,
        "B": 9282
    },
    "energy": {
        "0.0": 806,
        "0.02040816326530612": 689,
        "0.04081632653061224": 707,
        "0.061224489795918366": 683,
        "0.08163265306122448": 677,
        "0.1020408163265306": 788,
        "0.12244897959183673": 837,
        "0.14285714285714285": 915,
        "0.16326530612244897": 919,
        "0.18367346938775508": 1072,
        "0.2040816326530612": 1050,
        "0.22448979591836732": 1038,
        "0.24489795918367346": 1128,
        "0.26530612244897955": 1213,
        "0.2857142857142857": 1509,
        "0.3061224489795918": 1471,
        "0.32653061224489793": 1541,
        "0.3469387755102041": 1499,
        "0.36734693877551017": 1641,
        "0.3877551020408163": 1884,
        "0.4081632653061224": 1947,
        "0.42857142857142855": 2080,
        "0.44897959183673464": 2153,
        "0.4693877551020408": 2358,
        "0.4897959183673469": 2474,
        "0.5102040816326531": 2444,
        "0.5306122448979591": 2562,
        "0.5510204081632653": 2880,
        "0.5714285714285714": 2654,
        "0.5918367346938775": 2804,
        "0.6122448979591836": 2809,
        "0.6326530612244897": 2842,
        "0.6530612244897959": 3149,
        "0.673469387755102": 3160,
        "0.6938775510204082": 3585,
        "0.7142857142857142": 3491,
        "0.7346938775510203": 3501,
        "0.7551020408163265": 3071,
        "0.7755102040816326": 3200,
        "0.7959183673469387": 3606,
        "0.8163265306122448": 3563,
        "0.836734693877551": 3887,
        "0.8571428571428571": 3953,
        "0.8775510204081632": 3731,
        "0.8979591836734693": 4030,
        "0.9183673469387754": 4057,
        "0.9387755102040816": 4385,
        "0.9591836734693877": 3986,
        "0.9795918367346939": 3542
    },
    "loudness": {
        "-50.0": 2,
        "-49.0": 0,
        "-48.0": 0,
        "-47.0": 2,
        "-46.0": 0,
        "-45.0": 0,
        "-44.0": 9,
        "-43.0": 7,
        "-42.0": 5,
        "-41.0": 13,
        "-40.0": 13,
        "-39.0": 31,
        "-38.0": 27,
        "-37.0": 48,
        "-36.0": 49,
        "-35.0": 62,
        "-34.0": 78,
        "-33.0": 98,
        "-32.0": 137,
        "-31.0": 149,
        "-30.0": 146,
        "-29.0": 217,
        "-28.0": 234,
        "-27.0": 260,
        "-26.0": 293,
        "-25.0": 320,
        "-24.0": 408,
        "-23.0": 451,
        "-22.0": 508,
        "-21.0": 628,
        "-20.0": 741,
        "-19.0": 838,
        "-18.0": 1005,
        "-17.0": 1328,
        "-16.0": 1556,
        "-15.0": 2159,
        "-14.0": 2876,
        "-13.0": 3595,
        "-12.0": 4575,
        "-11.0": 5736,
        "-10.0": 7541,
        "-9.0": 9467,
        "-8.0": 11424,
        "-7.0": 13537,
        "-6.0": 14959,
        "-5.0": 13310,
        "-4.0": 9284,
        "-3.0": 4102,
        "-2.0": 1315,
        "-1.0": 366,
        "0.0": 69,
        "1.0": 18,
        "2.0": 1,
        "3.0": 1,
        "4.0": 1
    },
    "speechiness": {
        "both": 2728,
        "speech": 882,
        "music": 110389
    },
    "instrumentalness": {
        "0.0": 82574,
        "0.02040816326530612": 2286,
        "0.04081632653061224": 1435,