{
    "popularity": {
        "0": 4,
        "2": 0,
        "4": 0,
        "6": 0,
        "8": 0,
        "10": 0,
        "12": 0,
        "14": 0,
        "16": 0,
        "18": 0,
        "20": 0,
        "22": 0,
        "24": 0,
        "26": 1,
        "28": 0,
        "30": 0,
        "32": 1,
        "34": 0,
        "36": 0,
        "38": 0,
        "40": 0,
        "42": 0,
        "44": 2,
        "46": 2,
        "48": 10,
        "51": 1,
        "53": 7,
        "55": 7,
        "57": 13,
        "59": 4,
        "61": 5,
        "63": 10,
        "65": 6,
        "67": 3,
        "69": 3,
        "71": 4,
        "73": 3,
        "75": 6,
        "77": 1,
        "79": 3,
        "81": 3,
        "83": 8,
        "85": 4,
        "87": 1,
        "89": 0,
        "91": 0,
        "93": 0,
        "95": 0,
        "97": 0
    },
    "duration": {
        "0.0": 0,
        "0.40816326530612246": 2,
        "0.8163265306122449": 0,
        "1.2244897959183674": 14,
        "1.6326530612244898": 32,
        "2.0408163265306123": 21,
        "2.4489795918367347": 22,
        "2.857142857142857": 8,
        "3.2653061224489797": 10,
        "3.673469387755102": 3,
        "4.081632653061225": 0,
        "4.4897959183673475": 0,
        "4.8979591836734695": 0,
        "5.3061224489795915": 0,
        "5.714285714285714": 0,
        "6.122448979591837": 0,
        "6.530612244897959": 0,
        "6.938775510204081": 0,
        "7.346938775510204": 0,
        "7.755102040816327": 0,
        "8.16326530612245": 0,
        "8.571428571428571": 0,
        "8.979591836734695": 0,
        "9.387755102040817": 0,
        "9.795918367346939": 0,
        "10.204081632653061": 0,
        "10.612244897959183": 0,
        "11.020408163265307": 0,
        "11.428571428571429": 0,
        "11.83673469387755": 0,
        "12.244897959183675": 0,
        "12.653061224489797": 0,
        "13.061224489795919": 0,
        "13.46938775510204": 0,
        "13.877551020408163": 0,
        "14.285714285714286": 0,
        "14.693877551020408": 0,
        "15.10204081632653": 0,
        "15.510204081632654": 0,
        "15.918367346938776": 0,
        "16.3265306122449": 0,
        "16.73469387755102": 0,
        "17.142857142857142": 0,
        "17.551020408163264": 0,
        "17.95918367346939": 0,
        "18.367346938775512": 0,
        "18.775510204081634": 0,
        "19.183673469387756": 0,
        "19.591836734693878": 0
    },
    "explicit": {
        "Explicit": 93,
        "Non-Explicit": 19
    },
    "danceability": {
        "0.0": 0,
        "0.02040816326530612": 0,
        "0.04081632653061224": 0,
        "0.061224489795918366": 0,
        "0.08163265306122448": 0,
        "0.1020408163265306": 0,
        "0.12244897959183673": 0,
        "0.14285714285714285": 0,
        "0.16326530612244897": 0,
        "0.18367346938775508": 0,
        "0.2040816326530612": 0,
        "0.22448979591836732": 0,
        "0.24489795918367346": 0,
        "0.26530612244897955": 1,
        "0.2857142857142857": 0,
        "0.3061224489795918": 0,
        "0.32653061224489793": 2,
        "0.3469387755102041": 0,
        "0.36734693877551017": 0,
        "0.3877551020408163": 0,
        "0.4081632653061224": 3,
        "0.42857142857142855": 4,
        "0.44897959183673464": 0,
        "0.4693877551020408": 0,
        "0.4897959183673469": 2,
        "0.5102040816326531": 1,
        "0.5306122448979591": 2,
        "0.5510204081632653": 6,
        "0.5714285714285714": 0,
        "0.5918367346938775": 8,
        "0.6122448979591836": 0,
        "0.6326530612244897": 3,
        "0.6530612244897959": 6,
        "0.673469387755102": 2,
        "0.6938775510204082": 9,
        "0.7142857142857142": 5,
        "0.7346938775510203": 14,
        "0.7551020408163265": 8,
        "0.7755102040816326": 7,
        "0.7959183673469387": 7,
        "0.8163265306122448": 5,
        "0.836734693877551": 3,
        "0.8571428571428571": 5,
        "0.8775510204081632": 1,
        "0.8979591836734693": 4,
        "0.9183673469387754": 3,
        "0.9387755102040816": 1,
        "0.9591836734693877": 0,
        "0.9795918367346939": 0
    },
    "key": {
        "C": 12,
        "C#": 17,
        "D": 4,
        "D#": 4,
        "E": 8,
        "F": 5,
        "F#": 2,
        "G": 10,
        "G#": 9,
        "A": 19,
        "A#": 8,
        "B": 14
    },
    "energy": {
        "0.0": 0,
        "0.02040816326530612": 0,
        "0.04081632653061224": 0,
        "0.061224489795918366": 1,
        "0.08163265306122448": 0,
        "0.1020408163265306": 1,
        "0.12244897959183673": 0,
        "0.14285714285714285": 2,
        "0.16326530612244897": 0,
        "0.18367346938775508": 3,
        "0.2040816326530612": 1,
        "0.22448979591836732": 3,
        "0.24489795918367346": 2,
        "0.26530612244897955": 2,
        "0.2857142857142857": 4,
        "0.3061224489795918": 7,
        "0.32653061224489793": 2,
        "0.3469387755102041": 4,
        "0.36734693877551017": 2,
        "0.3877551020408163": 4,
        "0.4081632653061224": 5,
        "0.42857142857142855": 0,
        "0.44897959183673464": 8,
        "0.4693877551020408": 0,
        "0.4897959183673469": 5,
        "0.5102040816326531": 8,
        "0.5306122448979591": 10,
        "0.5510204081632653": 4,
        "0.5714285714285714": 5,
        "0.5918367346938775": 2,
        "0.6122448979591836": 8,
        "0.6326530612244897": 1,
        "0.6530612244897959": 1,
        "0.673469387755102": 3,
        "0.6938775510204082": 4,
        "0.7142857142857142": 4,
        "0.7346938775510203": 1,
        "0.7551020408163265": 2,
        "0.7755102040816326": 1,
        "0.7959183673469387": 1,
        "0.8163265306122448": 0,
        "0.836734693877551": 0,
        "0.8571428571428571": 1,
        "0.8775510204081632": 0,
        "0.8979591836734693": 0,
        "0.9183673469387754": 0,
        "0.9387755102040816": 0,
        "0.9591836734693877": 0,
        "0.9795918367346939": 0
    },
    "loudness": {
        "-50.0": 0,
        "-49.0": 0,
        "-48.0": 0,
        "-47.0": 0,
        "-46.0": 0,
        "-45.0": 0,
        "-44.0": 0,
        "-43.0": 0,
        "-42.0": 0,
        "-41.0": 0,
        "-40.0": 0,
        "-39.0": 0,
        "-38.0": 0,
        "-37.0": 0,
        "-36.0": 0,
        "-35.0": 0,
        "-34.0": 0,
        "-33.0": 0,
        "-32.0": 0,
        "-31.0": 0,
        "-30.0": 0,
        "-29.0": 0,
        "-28.0": 0,
        "-27.0": 0,
        "-26.0": 0,
        "-25.0": 0,
        "-24.0": 0,
        "-23.0": 0,
        "-22.0": 0,
        "-21.0": 0,
        "-20.0": 1,
        "-19.0": 0,
        "-18.0": 0,
        "-17.0": 2,
        "-16.0": 0,
        "-15.0": 1,
        "-14.0": 4,
        "-13.0": 3,
        "-12.0": 6,
        "-11.0": 8,
        "-10.0": 9,
        "-9.0": 10,
        "-8.0": 11,
        "-7.0": 26,
        "-6.0": 15,
        "-5.0": 13,
        "-4.0": 3,
        "-3.0": 0,
        "-2.0": 0,
        "-1.0": 0,
        "0.0": 0,
        "1.0": 0,
        "2.0": 0,
        "3.0": 0,
        "4.0": 0
    },
    "speechiness": {
        "both": 14,
        "speech": 1,
        "music": 97
    },
    "instrumentalness": {
        "0.0": 102,
        "0.02040816326530612": 4,
        "0.04081632653061224": 0,
        "0.061224489795918366": 2,
        "0.08163265306122448": 0,
        "0.1020408163265306": 0,
        "0.12244897959183673": 0,
        "0.14285714285714285": 1,
        "0.16326530612244897": 2,
        "0.18367346938775508": 0,
        "0.2040816326530612": 0,
        "0.22448979591836732": 0,
        "0.24489795918367346": 0,
        "0.26530612244897955": 0,
        "0.2857142857142857": 0,
        "0.3061224489795918": 0,
        "0.32653061224489793": 0,
        "0.3469387755102041": 0,
        "0.36734693877551017": 0,
        "0.3877551020408163": 0,
        "0.4081632653061224": 0,